id;first_name;last_name;email;address;phone
1;Isaac;Franco;Maria52@live.com;synthesize compressing;+55 (75) 7948-2373
2;Valentina;Xavier;Frederico_Martins38@yahoo.com;world-class Adaptive;+55 (79) 0750-2398
3;Silas;Nogueira;Aline_Pereira26@hotmail.com;Marginal Jóias;(89) 01753-2974
4;Isis;Pereira;Sophia13@hotmail.com;methodologies;(68) 61123-5744
5;Bernardo;Carvalho;JlioCsar75@bol.com.br;Plástico Multi-layered;(89) 22308-3453
6;Feliciano;Nogueira;Ceclia_Silva@hotmail.com;Interactions Enhanced;(14) 59888-2936
7;Lara;Santos;Esther20@yahoo.com;Automotivo Incrível Bola;(13) 9353-5127
8;Talita;Braga;MariaCeclia.Barros14@hotmail.com;JBOD optical;+55 (90) 7699-0561
9;Maria;Moreira;Csar.Santos@live.com;Sapatos;(44) 38360-7883
10;Murilo;Braga;Isis_Batista@yahoo.com;invoice cohesive;+55 (53) 1865-4518
